<?xml version="1.0" encoding="UTF-8"?>
<configurationDescriptor version="95">
  <logicalFolder name="root" displayName="root" projectFiles="true" kind="ROOT">
    <logicalFolder name="HeaderFiles"
                   displayName="Header Files"
                   projectFiles="true">
    </logicalFolder>
    <logicalFolder name="ResourceFiles"
                   displayName="Resource Files"
                   projectFiles="true">
    </logicalFolder>
    <logicalFolder name="SourceFiles"
                   displayName="Source Files"
                   projectFiles="true">
      <itemPath>Problem 1. Print File Contents.c</itemPath>
      <itemPath>Problem 2. Odd Lines.c</itemPath>
      <itemPath>Problem 3. Line Numbers.c</itemPath>
      <itemPath>Problem 4. Copy Binary File.c</itemPath>
      <itemPath>Problem 5 Slicing FIles.c</itemPath>
      <itemPath>Problem 6. Fix Subtitles.c</itemPath>
    </logicalFolder>
    <logicalFolder name="TestFiles"
                   displayName="Test Files"
                   projectFiles="false"
                   kind="TEST_LOGICAL_FOLDER">
    </logicalFolder>
    <logicalFolder name="ExternalFiles"
                   displayName="Important Files"
                   projectFiles="false"
                   kind="IMPORTANT_FILES_FOLDER">
      <itemPath>Makefile</itemPath>
    </logicalFolder>
  </logicalFolder>
  <projectmakefile>Makefile</projectmakefile>
  <confs>
    <conf name="Debug" type="1">
      <toolsSet>
        <compilerSet>default</compilerSet>
        <dependencyChecking>true</dependencyChecking>
        <rebuildPropChanged>false</rebuildPropChanged>
      </toolsSet>
      <compileType>
      </compileType>
      <item path="Problem 1. Print File Contents.c" ex="false" tool="0" flavor2="0">
      </item>
      <item path="Problem 2. Odd Lines.c" ex="false" tool="0" flavor2="0">
      </item>
      <item path="Problem 3. Line Numbers.c" ex="false" tool="0" flavor2="0">
      </item>
      <item path="Problem 4. Copy Binary File.c" ex="false" tool="0" flavor2="0">
      </item>
      <item path="Problem 5 Slicing FIles.c" ex="false" tool="0" flavor2="0">
      </item>
      <item path="Problem 6. Fix Subtitles.c" ex="false" tool="0" flavor2="0">
      </item>
    </conf>
    <conf name="Release" type="1">
      <toolsSet>
        <compilerSet>default</compilerSet>
        <dependencyChecking>true</dependencyChecking>
        <rebuildPropChanged>false</rebuildPropChanged>
      </toolsSet>
      <compileType>
        <cTool>
          <developmentMode>5</developmentMode>
        </cTool>
        <ccTool>
          <developmentMode>5</developmentMode>
        </ccTool>
        <fortranCompilerTool>
          <developmentMode>5</developmentMode>
        </fortranCompilerTool>
        <asmTool>
          <developmentMode>5</developmentMode>
        </asmTool>
      </compileType>
      <item path="Problem 1. Print File Contents.c" ex="false" tool="0" flavor2="0">
      </item>
      <item path="Problem 2. Odd Lines.c" ex="false" tool="0" flavor2="0">
      </item>
      <item path="Problem 3. Line Numbers.c" ex="false" tool="0" flavor2="0">
      </item>
      <item path="Problem 4. Copy Binary File.c" ex="false" tool="0" flavor2="0">
      </item>
      <item path="Problem 5 Slicing FIles.c" ex="false" tool="0" flavor2="0">
      </item>
      <item path="Problem 6. Fix Subtitles.c" ex="false" tool="0" flavor2="0">
      </item>
    </conf>
  </confs>
</configurationDescriptor>
