<?xml version="1.0" encoding="UTF-8"?>
<configurationDescriptor version="95">
  <logicalFolder name="root" displayName="root" projectFiles="true" kind="ROOT">
    <logicalFolder name="HeaderFiles"
                   displayName="Header Files"
                   projectFiles="true">
    </logicalFolder>
    <logicalFolder name="ResourceFiles"
                   displayName="Resource Files"
                   projectFiles="true">
    </logicalFolder>
    <logicalFolder name="SourceFiles"
                   displayName="Source Files"
                   projectFiles="true">
      <itemPath>AverageSum.c</itemPath>
      <itemPath>BigAndOdd.c</itemPath>
      <itemPath>DivideBy7And5.c</itemPath>
      <itemPath>FourDigitNumber.c</itemPath>
      <itemPath>GravitationOnTheMoon.c</itemPath>
      <itemPath>NthDigit.c</itemPath>
      <itemPath>OddOrEvenIntegers.c</itemPath>
      <itemPath>PointInACircle.c</itemPath>
      <itemPath>PrimeNumberCheck.c</itemPath>
      <itemPath>PureDivisor.c</itemPath>
      <itemPath>Rectangles.c</itemPath>
      <itemPath>ThirdDigitIsSeven.c</itemPath>
      <itemPath>Trapezoids.c</itemPath>
    </logicalFolder>
    <logicalFolder name="TestFiles"
                   displayName="Test Files"
                   projectFiles="false"
                   kind="TEST_LOGICAL_FOLDER">
    </logicalFolder>
    <logicalFolder name="ExternalFiles"
                   displayName="Important Files"
                   projectFiles="false"
                   kind="IMPORTANT_FILES_FOLDER">
      <itemPath>Makefile</itemPath>
    </logicalFolder>
  </logicalFolder>
  <projectmakefile>Makefile</projectmakefile>
  <confs>
    <conf name="Debug" type="1">
      <toolsSet>
        <compilerSet>default</compilerSet>
        <dependencyChecking>true</dependencyChecking>
        <rebuildPropChanged>false</rebuildPropChanged>
      </toolsSet>
      <compileType>
      </compileType>
      <item path="AverageSum.c" ex="false" tool="0" flavor2="0">
      </item>
      <item path="BigAndOdd.c" ex="false" tool="0" flavor2="0">
      </item>
      <item path="DivideBy7And5.c" ex="false" tool="0" flavor2="0">
      </item>
      <item path="FourDigitNumber.c" ex="false" tool="0" flavor2="0">
      </item>
      <item path="GravitationOnTheMoon.c" ex="false" tool="0" flavor2="0">
      </item>
      <item path="NthDigit.c" ex="false" tool="0" flavor2="0">
      </item>
      <item path="OddOrEvenIntegers.c" ex="false" tool="0" flavor2="0">
      </item>
      <item path="PointInACircle.c" ex="false" tool="0" flavor2="0">
      </item>
      <item path="PrimeNumberCheck.c" ex="false" tool="0" flavor2="0">
      </item>
      <item path="PureDivisor.c" ex="false" tool="0" flavor2="0">
      </item>
      <item path="Rectangles.c" ex="false" tool="0" flavor2="0">
      </item>
      <item path="ThirdDigitIsSeven.c" ex="false" tool="0" flavor2="0">
      </item>
      <item path="Trapezoids.c" ex="false" tool="0" flavor2="0">
      </item>
    </conf>
    <conf name="Release" type="1">
      <toolsSet>
        <compilerSet>default</compilerSet>
        <dependencyChecking>true</dependencyChecking>
        <rebuildPropChanged>false</rebuildPropChanged>
      </toolsSet>
      <compileType>
        <cTool>
          <developmentMode>5</developmentMode>
        </cTool>
        <ccTool>
          <developmentMode>5</developmentMode>
        </ccTool>
        <fortranCompilerTool>
          <developmentMode>5</developmentMode>
        </fortranCompilerTool>
        <asmTool>
          <developmentMode>5</developmentMode>
        </asmTool>
      </compileType>
      <item path="AverageSum.c" ex="false" tool="0" flavor2="0">
      </item>
      <item path="BigAndOdd.c" ex="false" tool="0" flavor2="0">
      </item>
      <item path="DivideBy7And5.c" ex="false" tool="0" flavor2="0">
      </item>
      <item path="FourDigitNumber.c" ex="false" tool="0" flavor2="0">
      </item>
      <item path="GravitationOnTheMoon.c" ex="false" tool="0" flavor2="0">
      </item>
      <item path="NthDigit.c" ex="false" tool="0" flavor2="0">
      </item>
      <item path="OddOrEvenIntegers.c" ex="false" tool="0" flavor2="0">
      </item>
      <item path="PointInACircle.c" ex="false" tool="0" flavor2="0">
      </item>
      <item path="PrimeNumberCheck.c" ex="false" tool="0" flavor2="0">
      </item>
      <item path="PureDivisor.c" ex="false" tool="0" flavor2="0">
      </item>
      <item path="Rectangles.c" ex="false" tool="0" flavor2="0">
      </item>
      <item path="ThirdDigitIsSeven.c" ex="false" tool="0" flavor2="0">
      </item>
      <item path="Trapezoids.c" ex="false" tool="0" flavor2="0">
      </item>
    </conf>
  </confs>
</configurationDescriptor>
